-- MySQL dump 10.13  Distrib 8.0.40, for Win64 (x86_64)
--
-- Host: localhost    Database: platform
-- ------------------------------------------------------
-- Server version	9.0.1

/*!40101 SET @OLD_CHARACTER_SET_CLIENT=@@CHARACTER_SET_CLIENT */;
/*!40101 SET @OLD_CHARACTER_SET_RESULTS=@@CHARACTER_SET_RESULTS */;
/*!40101 SET @OLD_COLLATION_CONNECTION=@@COLLATION_CONNECTION */;
/*!50503 SET NAMES utf8 */;
/*!40103 SET @OLD_TIME_ZONE=@@TIME_ZONE */;
/*!40103 SET TIME_ZONE='+00:00' */;
/*!40014 SET @OLD_UNIQUE_CHECKS=@@UNIQUE_CHECKS, UNIQUE_CHECKS=0 */;
/*!40014 SET @OLD_FOREIGN_KEY_CHECKS=@@FOREIGN_KEY_CHECKS, FOREIGN_KEY_CHECKS=0 */;
/*!40101 SET @OLD_SQL_MODE=@@SQL_MODE, SQL_MODE='NO_AUTO_VALUE_ON_ZERO' */;
/*!40111 SET @OLD_SQL_NOTES=@@SQL_NOTES, SQL_NOTES=0 */;

--
-- Table structure for table `jobs`
--

DROP TABLE IF EXISTS `jobs`;
/*!40101 SET @saved_cs_client     = @@character_set_client */;
/*!50503 SET character_set_client = utf8mb4 */;
CREATE TABLE `jobs` (
  `runid` int NOT NULL AUTO_INCREMENT,
  `username` varchar(32) CHARACTER SET utf8mb4 COLLATE utf8mb4_0900_ai_ci NOT NULL,
  `id` int NOT NULL,
  `state` enum('通过','未通过','编译错误','待提交') DEFAULT NULL,
  `language` enum('G++14','GCC','Java','Python','Pascal') DEFAULT NULL,
  `size` int DEFAULT NULL,
  `time` datetime DEFAULT NULL,
  `programString` mediumtext,
  PRIMARY KEY (`runid`),
  KEY `id` (`id`),
  KEY `username` (`username`),
  CONSTRAINT `jobs_ibfk_1` FOREIGN KEY (`id`) REFERENCES `questions` (`id`),
  CONSTRAINT `jobs_ibfk_2` FOREIGN KEY (`username`) REFERENCES `users` (`username`)
) ENGINE=InnoDB AUTO_INCREMENT=31167021 DEFAULT CHARSET=utf8mb3;
/*!40101 SET character_set_client = @saved_cs_client */;

--
-- Dumping data for table `jobs`
--

LOCK TABLES `jobs` WRITE;
/*!40000 ALTER TABLE `jobs` DISABLE KEYS */;
INSERT INTO `jobs` VALUES (31166911,'王小名',4120,'编译错误','G++14',931,'2024-07-18 14:44:00',NULL),(31166912,'zhangsan',4116,'通过','G++14',310,'2024-07-18 14:44:00',NULL),(31166913,'admin',4040,'通过','G++14',193,'2024-07-18 14:44:00',NULL),(31166914,'zhangsan',4108,'通过','G++14',453,'2024-07-18 14:44:00',NULL),(31166915,'admin',4103,'未通过','G++14',264,'2024-07-18 14:44:00',NULL),(31166916,'zhangsan',4006,'通过','G++14',165,'2024-07-18 14:44:00',NULL),(31166917,'王小名',4113,'通过','G++14',216,'2024-07-18 14:44:00',NULL),(31166918,'admin',4068,'编译错误','G++14',527,'2024-07-18 14:44:00',NULL),(31166919,'王小名',4069,'通过','G++14',183,'2024-07-18 14:44:00',NULL),(31166920,'admin',4014,'编译错误','G++14',388,'2024-07-18 14:44:00',NULL),(31166921,'zhangsan',4029,'通过','G++14',210,'2024-07-18 14:44:00',NULL),(31166922,'admin',4004,'通过','G++14',176,'2024-07-18 14:44:00',NULL),(31166923,'zhangsan',4055,'未通过','G++14',205,'2024-07-18 14:44:00',NULL),(31166924,'zhangsan',4021,'通过','G++14',196,'2024-07-18 14:44:00',NULL),(31166925,'admin',4048,'编译错误','G++14',290,'2024-07-18 14:44:00',NULL),(31166926,'admin',4007,'通过','G++14',106,'2024-07-18 14:44:00',NULL),(31166927,'zhangsan',4116,'未通过','G++14',298,'2024-07-18 14:44:00',NULL),(31166928,'admin',4084,'未通过','G++14',500,'2024-07-18 14:44:00',NULL),(31166929,'王小名',4091,'通过','G++14',236,'2024-07-18 14:44:00',NULL),(31166930,'王小名',4061,'未通过','G++14',264,'2024-07-18 14:44:00',NULL),(31166931,'admin',4076,'通过','G++14',165,'2024-07-18 14:44:00',NULL),(31166932,'zhangsan',4053,'通过','G++14',216,'2024-07-18 14:44:00',NULL),(31166933,'zhangsan',4068,'编译错误','G++14',527,'2024-07-18 14:44:00',NULL),(31166934,'admin',4069,'通过','G++14',183,'2024-07-18 14:44:00',NULL),(31166935,'zhangsan',4005,'编译错误','G++14',388,'2024-07-18 14:44:00',NULL),(31166936,'admin',4029,'通过','G++14',210,'2024-07-18 14:44:00',NULL),(31166937,'zhangsan',4004,'通过','G++14',176,'2024-07-18 14:44:00',NULL),(31166938,'admin',4055,'未通过','G++14',205,'2024-07-18 14:44:00',NULL),(31166939,'zhangsan',4021,'通过','G++14',196,'2024-07-18 14:44:00',NULL),(31166940,'admin',4048,'编译错误','G++14',290,'2024-07-18 14:44:00',NULL),(31166941,'zhangsan',4007,'通过','G++14',106,'2024-07-18 14:44:00',NULL),(31166942,'admin',4113,'未通过','G++14',298,'2024-07-18 14:44:00',NULL),(31166943,'admin',3114,'未通过','G++14',500,'2024-07-18 14:44:00',NULL),(31166944,'zhangsan',3113,'通过','G++14',236,'2024-07-18 14:44:00',NULL),(31166945,'admin',2054,'通过','G++14',131,'2024-07-18 14:44:00',NULL),(31166946,'王小名',2117,'通过','G++14',144,'2024-07-18 14:44:00',NULL),(31166947,'zhangsan',2112,'未通过','G++14',240,'2024-07-18 14:44:00',NULL),(31166948,'王小名',1031,'未通过','G++14',261,'2024-07-18 14:44:00',NULL),(31166949,'zhangsan',3008,'编译错误','G++14',527,'2024-07-18 14:44:00',NULL),(31166950,'zhangsan',1060,'通过','G++14',183,'2024-07-18 14:44:00',NULL),(31166951,'admin',2105,'编译错误','G++14',388,'2024-07-18 14:44:00',NULL),(31166952,'王小名',2029,'通过','G++14',210,'2024-07-18 14:44:00',NULL),(31166953,'zhangsan',1004,'通过','G++14',176,'2024-07-18 14:44:00',NULL),(31166954,'王小名',2055,'未通过','G++14',205,'2024-07-18 14:44:00',NULL),(31166955,'zhangsan',2021,'通过','G++14',196,'2024-07-18 14:44:00',NULL),(31166956,'zhangsan',1048,'编译错误','G++14',290,'2024-07-18 14:44:00',NULL),(31166957,'admin',1007,'通过','G++14',106,'2024-07-18 14:44:00',NULL),(31166958,'zhangsan',1016,'未通过','G++14',298,'2024-07-18 14:44:00',NULL),(31166959,'admin',2091,'未通过','G++14',500,'2024-07-18 14:44:00',NULL),(31166960,'admin',1051,'通过','G++14',236,'2024-07-18 14:44:00',NULL),(31166961,'admin',2054,'通过','G++14',131,'2024-07-18 14:44:00',NULL),(31166962,'王小名',3020,'通过','G++14',144,'2024-07-18 14:44:00',NULL),(31166963,'zhangsan',2104,'未通过','G++14',240,'2024-07-18 14:44:00',NULL),(31166964,'admin',1037,'未通过','G++14',261,'2024-07-18 14:44:00',NULL),(31166965,'zhangsan',4031,'通过','G++14',348,'2024-07-18 14:44:00',NULL),(31166966,'admin',1023,'未通过','G++14',132,'2024-07-18 14:44:00',NULL),(31166967,'admin',2076,'未通过','G++14',298,'2024-07-18 14:44:00',NULL),(31166968,'zhangsan',2080,'未通过','G++14',500,'2024-07-18 14:44:00',NULL),(31166969,'zhangsan',1048,'通过','G++14',236,'2024-07-18 14:44:00',NULL),(31166970,'admin',2054,'通过','G++14',131,'2024-07-18 14:44:00',NULL),(31166971,'王小名',2061,'通过','G++14',144,'2024-07-18 14:44:00',NULL),(31166972,'admin',4024,'未通过','G++14',240,'2024-07-18 14:44:00',NULL),(31166973,'zhangsan',3130,'未通过','G++14',261,'2024-07-18 14:44:00',NULL),(31166974,'admin',3129,'通过','G++14',348,'2024-07-18 14:44:00',NULL),(31166975,'admin',3023,'未通过','G++14',132,'2024-07-18 14:44:00',NULL),(31166976,'zhangsan',3071,'通过','G++14',115,'2024-07-18 14:44:00',NULL),(31166977,'admin',3021,'通过','G++14',191,'2024-07-18 14:44:00',NULL),(31166978,'admin',3010,'未通过','G++14',779,'2024-07-18 14:44:00',NULL),(31166979,'zhangsan',3002,'未通过','G++14',219,'2024-07-18 14:44:00',NULL),(31166980,'王小名',3001,'未通过','G++14',155,'2024-07-18 14:44:00',NULL),(31166981,'zhangsan',3005,'未通过','G++14',283,'2024-07-18 14:45:00',NULL),(31166982,'zhangsan',2128,'通过','G++14',544,'2024-07-18 14:45:00',NULL),(31166983,'王小名',2117,'通过','G++14',121,'2024-07-18 14:45:00',NULL),(31166984,'admin',2116,'通过','G++14',106,'2024-07-18 14:44:00',NULL),(31166985,'zhangsan',2110,'未通过','G++14',298,'2024-07-18 14:44:00',NULL),(31166986,'admin',2109,'未通过','G++14',500,'2024-07-18 14:44:00',NULL),(31166987,'王小名',2063,'通过','G++14',236,'2024-07-18 14:44:00',NULL),(31166988,'admin',2063,'通过','G++14',131,'2024-07-18 14:44:00',NULL),(31166989,'zhangsan',2061,'通过','G++14',144,'2024-07-18 14:44:00',NULL),(31166990,'王小名',2044,'未通过','G++14',240,'2024-07-18 14:44:00',NULL),(31166991,'admin',2008,'待提交','G++14',261,'2024-07-18 14:44:00',NULL),(31166992,'zhangsan',2006,'通过','G++14',348,'2024-07-18 14:44:00',NULL),(31166993,'admin',1023,'未通过','G++14',132,'2024-07-18 14:44:00',NULL),(31166994,'zhangsan',2060,'通过','G++14',115,'2024-07-18 14:44:00',NULL),(31166995,'王小名',2021,'通过','G++14',191,'2024-07-18 14:44:00',NULL),(31166996,'zhangsan',1049,'未通过','G++14',779,'2024-07-18 14:44:00',NULL),(31166997,'zhangsan',2046,'通过','G++14',219,'2024-07-18 14:44:00',NULL),(31166998,'admin',1003,'未通过','G++14',155,'2024-07-18 14:44:00',NULL),(31166999,'zhangsan',1057,'未通过','G++14',283,'2024-07-18 14:45:00',NULL),(31167000,'admin',1001,'待提交','G++14',544,'2024-07-18 14:45:00',NULL),(31167001,'admin',1003,'通过','G++14',548,'2024-07-18 16:12:00',NULL),(31167002,'zhangsan',1003,'通过','G++14',544,'2024-07-19 15:35:00',NULL),(31167003,'John',1001,'通过','G++14',312,'2024-07-18 14:46:00',NULL),(31167004,'John',1057,'未通过','G++14',254,'2024-07-18 14:46:00',NULL),(31167005,'John',2046,'待提交','G++14',417,'2024-07-18 14:46:00',NULL),(31167006,'John',1049,'未通过','G++14',189,'2024-07-18 14:46:00',NULL),(31167007,'John',2008,'通过','G++14',275,'2024-07-18 14:47:00',NULL),(31167008,'John',2061,'未通过','G++14',340,'2024-07-18 14:47:00',NULL),(31167009,'John',2063,'通过','G++14',298,'2024-07-18 14:47:00',NULL),(31167010,'John',2110,'未通过','G++14',320,'2024-07-18 14:47:00',NULL),(31167011,'John',2021,'通过','G++14',214,'2024-07-18 14:48:00',NULL),(31167012,'John',2060,'待提交','G++14',289,'2024-07-18 14:48:00',NULL),(31167013,'John',2109,'通过','G++14',135,'2024-07-18 14:48:00',NULL),(31167014,'John',1023,'未通过','G++14',260,'2024-07-18 14:48:00',NULL),(31167015,'John',2006,'通过','G++14',227,'2024-07-18 14:49:00',NULL),(31167016,'John',1021,'未通过','G++14',172,'2024-07-18 14:49:00',NULL),(31167017,'John',2008,'通过','G++14',300,'2024-07-18 14:49:00',NULL),(31167018,'John',2006,'待提交','G++14',255,'2024-07-18 14:49:00',NULL),(31167019,'Johnn',4121,'通过','G++14',312,'2024-07-18 14:46:00',NULL),(31167020,'Johnn',4121,'通过','G++14',312,'2024-07-18 14:46:00',NULL);
/*!40000 ALTER TABLE `jobs` ENABLE KEYS */;
UNLOCK TABLES;

--
-- Table structure for table `lmc`
--

DROP TABLE IF EXISTS `lmc`;
/*!40101 SET @saved_cs_client     = @@character_set_client */;
/*!50503 SET character_set_client = utf8mb4 */;
CREATE TABLE `lmc` (
  `id` int NOT NULL AUTO_INCREMENT,
  `value` varchar(9) NOT NULL,
  `label` varchar(32) NOT NULL,
  `pre` varchar(9) DEFAULT NULL,
  PRIMARY KEY (`id`),
  UNIQUE KEY `value` (`value`),
  KEY `pre` (`pre`),
  CONSTRAINT `lmc_ibfk_1` FOREIGN KEY (`pre`) REFERENCES `lmc` (`value`)
) ENGINE=InnoDB AUTO_INCREMENT=93 DEFAULT CHARSET=utf8mb3;
/*!40101 SET character_set_client = @saved_cs_client */;

--
-- Dumping data for table `lmc`
--

LOCK TABLES `lmc` WRITE;
/*!40000 ALTER TABLE `lmc` DISABLE KEYS */;
INSERT INTO `lmc` VALUES (1,'L1','一、语言及算法基础篇',NULL),(2,'L1-1','基础(一) C++语言','L1'),(3,'L1-1-1','第一章 C++语言入门','L1-1'),(4,'L1-1-2','第二章 顺序结构程序设计','L1-1'),(5,'L1-1-3','第三章 程序的控制结构','L1-1'),(6,'L1-1-4','第四章 循环结构的程序设计','L1-1'),(7,'L1-1-5','第五章 数组','L1-1'),(8,'L1-1-6','第六章 函数','L1-1'),(9,'L1-2','基础(二) 基础算法','L1'),(10,'L1-2-1','第一章 高精度计算','L1-2'),(11,'L1-2-2','第二章 数据排序','L1-2'),(12,'L1-2-3','第三章 递推算法','L1-2'),(13,'L1-2-4','第四章 递归算法','L1-2'),(14,'L1-2-5','第五章 搜索与回溯算法','L1-2'),(15,'L1-2-6','第六章 贪心算','L1-2'),(16,'L1-2-7','第七章 分治算法','L1-2'),(17,'L1-2-8','第八章 广度优先搜索','L1-2'),(18,'L1-2-9','第九章 动态规划','L1-2'),(19,'L1-3','基础(三) 数据结构','L1'),(20,'L1-3-1','第一章 栈','L1-3'),(21,'L1-3-2','第二章 队列','L1-3'),(22,'L1-3-3','第三章 树','L1-3'),(23,'L1-3-4','第四章 图论算法','L1-3'),(24,'L2','二、提高(一) 基础算法',NULL),(25,'L2-1','提高(一) 基础算法','L2'),(26,'L2-1-1','第1章 贪心算法','L2-1'),(27,'L2-1-2','第2章 二分与三分','L2-1'),(28,'L2-1-3','第3章 深搜的剪枝技巧','L2-1'),(29,'L2-1-4','第4章 广搜的优化技巧','L2-1'),(30,'L2-2','提高(二) 字符串算法','L2'),(31,'L2-2-1','第1章 哈希和哈希表','L2-2'),(32,'L2-2-2','第2章 KMP算法','L2-2'),(33,'L2-2-3','第3章 Trie字典树','L2-2'),(34,'L2-2-4','第4章 AC自动机','L2-2'),(35,'L2-3','提高(三) 图论','L2'),(36,'L2-3-1','第1章 最小生成树','L2-3'),(37,'L2-3-2','第2章 最短路问题','L2-3'),(38,'L2-3-3','第3章 SPFA算法优化','L2-3'),(39,'L2-3-4','第4章 差分约束系统','L2-3'),(40,'L2-3-5','第5章 强联通分量','L2-3'),(41,'L2-3-6','第6章 割点和桥','L2-3'),(42,'L2-3-7','第7章 欧拉回路','L2-3'),(43,'L2-4','提高(四) 数据结构','L2'),(44,'L2-4-1','第1章 树状数组','L2-4'),(45,'L2-4-2','第2章 RMQ问题','L2-4'),(46,'L2-4-3','第3章 线段树','L2-4'),(47,'L2-4-4','第4章 倍增求 LCA','L2-4'),(48,'L2-4-5','第5章 树链剖分','L2-4'),(49,'L2-4-6','第6章 平衡树Treap','L2-4'),(50,'L2-5','提高(五) 动态规划','L2'),(51,'L2-5-1','第1章 树状数组','L2-5'),(52,'L2-5-2','第2章 树型动态规划','L2-5'),(53,'L2-5-3','第3章 数位动态规划','L2-5'),(54,'L2-5-4','第4章 状态压缩类动态规划','L2-5'),(55,'L2-5-5','第5章 单调队列优化动规','L2-5'),(56,'L2-5-6','第6章 斜率优化动态规划','L2-5'),(57,'L3','三、高手训练',NULL),(58,'L3-1','高手(一) 基础算法','L3'),(59,'L3-1-1','第1章 贪心算法','L3-1'),(60,'L3-1-2','第2章 二分与三','L3-1'),(61,'L3-1-3','第3章 深搜的剪枝技巧','L3-1'),(62,'L3-1-4','第4章 广搜的优化技巧','L3-1'),(63,'L3-2','高手(二) 字符串算法','L3'),(64,'L3-2-1','第1章 哈希和哈希表','L3-2'),(65,'L3-2-2','第2章 KMP算法','L3-2'),(66,'L3-2-3','第3章 Trie字典树','L3-2'),(67,'L3-2-4','第4章 AC自动机','L3-2'),(68,'L3-3','高手(三) 图论','L3'),(69,'L3-3-1','第1章 哈希和哈希表','L3-3'),(70,'L3-3-2','第2章 KMP算法','L3-3'),(71,'L3-3-3','第3章 Trie字典树','L3-3'),(72,'L3-3-4','第4章 AC自动机','L3-3'),(73,'L3-3-5','第4章 AC自动机','L3-3'),(74,'L3-3-6','第4章 AC自动机','L3-3'),(75,'L3-3-7','第4章 AC自动机','L3-3'),(76,'L3-4','高手(五) 动态规划','L3'),(77,'L3-4-1','第1章 树状数组','L3-4'),(78,'L3-4-2','第2章 RMQ问题','L3-4'),(79,'L3-4-3','第3章 线段树','L3-4'),(80,'L3-4-4','第4章 倍增求 LCA','L3-4'),(81,'L3-4-5','第5章 树链剖分','L3-4'),(82,'L3-4-6','第6章 平衡树Treap','L3-4'),(83,'L3-5','高手(五) 动态规划','L3-5'),(84,'L3-5-1','第1章 树状数组','L3-5'),(85,'L3-5-2','第2章 树型动态规划','L3-5'),(86,'L3-5-3','第3章 数位动态规划','L3-5'),(87,'L3-5-4','第4章 状态压缩类动态规划','L3-5'),(88,'L3-5-5','第5章 单调队列优化动规','L3-5'),(89,'L3-5-6','第6章 斜率优化动态规划','L3-5'),(90,'L4','四、官方真题',NULL),(91,'L4-1','1、NOIP普及组','L4'),(92,'L4-2','2、NOIP提高组','L4');
/*!40000 ALTER TABLE `lmc` ENABLE KEYS */;
UNLOCK TABLES;

--
-- Table structure for table `questions`
--

DROP TABLE IF EXISTS `questions`;
/*!40101 SET @saved_cs_client     = @@character_set_client */;
/*!50503 SET character_set_client = utf8mb4 */;
CREATE TABLE `questions` (
  `id` int NOT NULL AUTO_INCREMENT,
  `LMC` varchar(9) NOT NULL,
  `title` varchar(32) NOT NULL,
  `pdfString` mediumtext,
  PRIMARY KEY (`id`)
) ENGINE=InnoDB AUTO_INCREMENT=4122 DEFAULT CHARSET=utf8mb3;
/*!40101 SET character_set_client = @saved_cs_client */;

--
-- Dumping data for table `questions`
--

LOCK TABLES `questions` WRITE;
/*!40000 ALTER TABLE `questions` DISABLE KEYS */;
INSERT INTO `questions` VALUES (1001,'L1-1-1','入门测试题目',NULL),(1002,'L1-1-1','【例1.1】计算机输出',NULL),(1003,'L1-1-2','【例1.2】梯形面积',NULL),(1004,'L1-1-2','【例1.3】电影票',NULL),(1005,'L1-1-2','【例1.4】牛吃牧草',NULL),(1006,'L1-1-3','Hello,World!',NULL),(1007,'L1-1-3','输出第二个整数,9',NULL),(1008,'L1-1-4','对齐输出',NULL),(1009,'L1-1-5','字符三角形',NULL),(1010,'L1-1-6','地球人口承载力估计',NULL),(1011,'L1-1-6','【例1.1】计算机输出',NULL),(1012,'L1-2-1','【例1.2】梯形面积',NULL),(1013,'L1-2-2','【例1.3】电影票',NULL),(1014,'L1-2-3','【例1.4】牛吃牧草',NULL),(1015,'L1-2-4','【例1.1】计算机输出',NULL),(1016,'L1-2-5','【例1.2】梯形面积',NULL),(1017,'L1-2-6','【例1.3】电影票',NULL),(1018,'L1-2-7','【例1.4】牛吃牧草',NULL),(1019,'L1-2-8','【例1.3】电影票',NULL),(1020,'L1-2-8','【例1.4】牛吃牧草',NULL),(1021,'L1-2-1','入门测试题目',NULL),(1022,'L1-2-1','【例1.1】计算机输出',NULL),(1023,'L1-2-2','【例1.2】梯形面积',NULL),(1024,'L1-2-2','【例1.3】电影票',NULL),(1025,'L1-2-2','【例1.4】牛吃牧草',NULL),(1026,'L1-2-3','Hello,World!',NULL),(1027,'L1-2-3','输出第二个整数,9',NULL),(1028,'L1-2-4','对齐输出',NULL),(1029,'L1-2-4','字符三角形',NULL),(1030,'L1-2-6','地球人口承载力估计',NULL),(1031,'L1-2-6','【例1.1】计算机输出',NULL),(1032,'L1-2-7','【例1.2】梯形面积',NULL),(1033,'L1-2-7','【例1.3】电影票',NULL),(1034,'L1-2-8','【例1.4】牛吃牧草',NULL),(1035,'L1-2-8','【例1.1】计算机输出',NULL),(1036,'L1-3-2','【例1.2】梯形面积',NULL),(1037,'L1-3-1','【例1.3】电影票',NULL),(1038,'L1-3-1','【例1.4】牛吃牧草',NULL),(1039,'L1-3-1','【例1.3】电影票',NULL),(1040,'L1-3-2','【例1.4】牛吃牧草',NULL),(1041,'L1-3-3','输出第二个整数,9',NULL),(1042,'L1-3-3','对齐输出',NULL),(1043,'L1-3-4','字符三角形',NULL),(1044,'L1-3-4','地球人口承载力估计',NULL),(1045,'L1-3-4','【例1.1】计算机输出',NULL),(1046,'L1-3-4','【例1.2】梯形面积',NULL),(1047,'L1-2-1','【例1.3】电影票',NULL),(1048,'L1-2-2','【例1.4】牛吃牧草',NULL),(1049,'L1-2-3','【例1.1】计算机输出',NULL),(1050,'L1-2-4','【例1.2】梯形面积',NULL),(1051,'L1-3-6','【例1.3】电影票',NULL),(1052,'L1-3-7','【例1.4】牛吃牧草',NULL),(1053,'L1-3-8','【例1.3】电影票',NULL),(1054,'L1-2-2','【例1.4】牛吃牧草',NULL),(1055,'L1-2-1','【例1.2】梯形面积',NULL),(1056,'L1-3-5','【例1.3】电影票',NULL),(1057,'L1-3-4','【例1.4】牛吃牧草',NULL),(1058,'L1-3-3','【例1.3】电影票',NULL),(1059,'L1-3-2','【例1.4】牛吃牧草',NULL),(1060,'L1-3-1','【例1.4】牛吃牧草',NULL),(2001,'L2-1-1','入门测试题目',NULL),(2002,'L2-1-2','【例1.1】计算机输出',NULL),(2003,'L2-1-3','【例1.2】梯形面积',NULL),(2004,'L2-1-4','【例1.3】电影票',NULL),(2005,'L2-1-1','【例1.4】牛吃牧草',NULL),(2006,'L2-1-2','Hello,World!',NULL),(2007,'L2-1-3','输出第二个整数,9',NULL),(2008,'L2-1-4','对齐输出',NULL),(2009,'L2-1-1','字符三角形',NULL),(2010,'L2-1-2','地球人口承载力估计',NULL),(2011,'L2-1-3','【例1.1】计算机输出',NULL),(2012,'L2-1-4','【例1.2】梯形面积',NULL),(2013,'L2-1-1','【例1.3】电影票',NULL),(2014,'L2-1-2','【例1.4】牛吃牧草',NULL),(2015,'L2-1-3','【例1.1】计算机输出',NULL),(2016,'L2-1-4','【例1.2】梯形面积',NULL),(2017,'L2-1-1','【例1.3】电影票',NULL),(2018,'L2-1-2','【例1.4】牛吃牧草',NULL),(2019,'L2-1-3','【例1.3】电影票',NULL),(2020,'L2-1-4','【例1.4】牛吃牧草',NULL),(2021,'L2-2-1','入门测试题目',NULL),(2022,'L2-2-2','【例1.1】计算机输出',NULL),(2023,'L2-2-3','【例1.2】梯形面积',NULL),(2024,'L2-2-4','【例1.3】电影票',NULL),(2025,'L2-2-1','【例1.4】牛吃牧草',NULL),(2026,'L2-2-2','Hello,World!',NULL),(2027,'L2-2-3','输出第二个整数,9',NULL),(2028,'L2-2-4','对齐输出',NULL),(2029,'L2-2-1','字符三角形',NULL),(2030,'L2-2-2','地球人口承载力估计',NULL),(2031,'L2-2-3','【例1.1】计算机输出',NULL),(2032,'L2-2-4','【例1.2】梯形面积',NULL),(2033,'L2-2-1','【例1.3】电影票',NULL),(2034,'L2-2-2','【例1.4】牛吃牧草',NULL),(2035,'L2-2-3','【例1.1】计算机输出',NULL),(2036,'L2-2-4','【例1.2】梯形面积',NULL),(2037,'L2-2-1','【例1.3】电影票',NULL),(2038,'L2-2-2','【例1.4】牛吃牧草',NULL),(2039,'L2-2-3','【例1.3】电影票',NULL),(2040,'L2-2-4','【例1.4】牛吃牧草',NULL),(2041,'L2-3-1','入门测试题目',NULL),(2042,'L2-3-2','【例1.1】计算机输出',NULL),(2043,'L2-3-3','【例1.2】梯形面积',NULL),(2044,'L2-3-4','【例1.3】电影票',NULL),(2045,'L2-3-5','【例1.4】牛吃牧草',NULL),(2046,'L2-3-6','Hello,World!',NULL),(2047,'L2-3-7','输出第二个整数,9',NULL),(2048,'L2-3-8','对齐输出',NULL),(2049,'L2-3-9','字符三角形',NULL),(2050,'L2-3-1','地球人口承载力估计',NULL),(2051,'L2-3-2','【例1.1】计算机输出',NULL),(2052,'L2-3-3','【例1.2】梯形面积',NULL),(2053,'L2-3-4','【例1.3】电影票',NULL),(2054,'L2-3-5','【例1.4】牛吃牧草',NULL),(2055,'L2-3-6','【例1.1】计算机输出',NULL),(2056,'L2-3-7','【例1.2】梯形面积',NULL),(2057,'L2-3-8','【例1.3】电影票',NULL),(2058,'L2-3-9','【例1.4】牛吃牧草',NULL),(2059,'L2-3-1','【例1.3】电影票',NULL),(2060,'L2-3-2','【例1.4】牛吃牧草',NULL),(2061,'L2-3-3','入门测试题目',NULL),(2062,'L2-3-4','【例1.1】计算机输出',NULL),(2063,'L2-3-5','【例1.2】梯形面积',NULL),(2064,'L2-3-6','【例1.3】电影票',NULL),(2065,'L2-3-7','【例1.4】牛吃牧草',NULL),(2066,'L2-3-8','Hello,World!',NULL),(2067,'L2-3-9','输出第二个整数,9',NULL),(2068,'L2-3-1','对齐输出',NULL),(2069,'L2-3-2','字符三角形',NULL),(2070,'L2-3-3','地球人口承载力估计',NULL),(2071,'L2-3-4','【例1.1】计算机输出',NULL),(2072,'L2-3-5','【例1.2】梯形面积',NULL),(2073,'L2-3-6','【例1.3】电影票',NULL),(2074,'L2-3-7','【例1.4】牛吃牧草',NULL),(2075,'L2-3-8','【例1.1】计算机输出',NULL),(2076,'L2-3-9','【例1.2】梯形面积',NULL),(2077,'L2-3-1','【例1.3】电影票',NULL),(2078,'L2-3-2','【例1.4】牛吃牧草',NULL),(2079,'L2-3-3','【例1.3】电影票',NULL),(2080,'L2-3-4','【例1.4】牛吃牧草',NULL),(2091,'L2-4-1','入门测试题目',NULL),(2092,'L2-4-2','【例1.1】计算机输出',NULL),(2093,'L2-4-3','【例1.2】梯形面积',NULL),(2094,'L2-4-4','【例1.3】电影票',NULL),(2095,'L2-4-5','【例1.4】牛吃牧草',NULL),(2096,'L2-4-6','Hello,World!',NULL),(2097,'L2-4-1','输出第二个整数,9',NULL),(2098,'L2-4-2','对齐输出',NULL),(2099,'L2-4-3','字符三角形',NULL),(2100,'L2-4-4','地球人口承载力估计',NULL),(2101,'L2-4-5','【例1.1】计算机输出',NULL),(2102,'L2-4-6','【例1.2】梯形面积',NULL),(2103,'L2-4-1','【例1.3】电影票',NULL),(2104,'L2-4-2','【例1.4】牛吃牧草',NULL),(2105,'L2-4-3','【例1.1】计算机输出',NULL),(2106,'L2-4-4','【例1.2】梯形面积',NULL),(2107,'L2-4-5','【例1.3】电影票',NULL),(2108,'L2-4-6','【例1.4】牛吃牧草',NULL),(2109,'L2-4-1','【例1.3】电影票',NULL),(2110,'L2-4-2','【例1.4】牛吃牧草',NULL),(2111,'L2-5-1','入门测试题目',NULL),(2112,'L2-5-2','【例1.1】计算机输出',NULL),(2113,'L2-5-3','【例1.2】梯形面积',NULL),(2114,'L2-5-4','【例1.3】电影票',NULL),(2115,'L2-5-5','【例1.4】牛吃牧草',NULL),(2116,'L2-5-6','Hello,World!',NULL),(2117,'L2-5-7','输出第二个整数,9',NULL),(2118,'L2-5-8','对齐输出',NULL),(2119,'L2-5-9','字符三角形',NULL),(2120,'L2-5-1','地球人口承载力估计',NULL),(2121,'L2-5-2','【例1.1】计算机输出',NULL),(2122,'L2-5-3','【例1.2】梯形面积',NULL),(2123,'L2-5-4','【例1.3】电影票',NULL),(2124,'L2-5-5','【例1.4】牛吃牧草',NULL),(2125,'L2-5-6','【例1.1】计算机输出',NULL),(2126,'L2-5-7','【例1.2】梯形面积',NULL),(2127,'L2-5-8','【例1.3】电影票',NULL),(2128,'L2-5-9','【例1.4】牛吃牧草',NULL),(2129,'L2-5-1','【例1.3】电影票',NULL),(2130,'L2-5-2','【例1.4】牛吃牧草',NULL),(3001,'L3-1-1','入门测试题目',NULL),(3002,'L3-1-2','【例1.1】计算机输出',NULL),(3003,'L3-1-3','【例1.2】梯形面积',NULL),(3004,'L3-1-4','【例1.3】电影票',NULL),(3005,'L3-1-1','【例1.4】牛吃牧草',NULL),(3006,'L3-1-2','Hello,World!',NULL),(3007,'L3-1-3','输出第二个整数,9',NULL),(3008,'L3-1-4','对齐输出',NULL),(3009,'L3-1-1','字符三角形',NULL),(3010,'L3-1-2','地球人口承载力估计',NULL),(3011,'L3-1-3','【例1.1】计算机输出',NULL),(3012,'L3-1-4','【例1.2】梯形面积',NULL),(3013,'L3-1-1','【例1.3】电影票',NULL),(3014,'L3-1-2','【例1.4】牛吃牧草',NULL),(3015,'L3-1-3','【例1.1】计算机输出',NULL),(3016,'L3-1-4','【例1.2】梯形面积',NULL),(3017,'L3-1-1','【例1.3】电影票',NULL),(3018,'L3-1-2','【例1.4】牛吃牧草',NULL),(3019,'L3-1-3','【例1.3】电影票',NULL),(3020,'L3-1-4','【例1.4】牛吃牧草',NULL),(3021,'L3-2-1','入门测试题目',NULL),(3022,'L3-2-2','【例1.1】计算机输出',NULL),(3023,'L3-2-3','【例1.2】梯形面积',NULL),(3024,'L3-2-4','【例1.3】电影票',NULL),(3025,'L3-2-1','【例1.4】牛吃牧草',NULL),(3026,'L3-2-2','Hello,World!',NULL),(3027,'L3-2-3','输出第二个整数,9',NULL),(3028,'L3-2-4','对齐输出',NULL),(3029,'L3-2-1','字符三角形',NULL),(3030,'L3-2-2','地球人口承载力估计',NULL),(3031,'L3-2-3','【例1.1】计算机输出',NULL),(3032,'L3-2-4','【例1.2】梯形面积',NULL),(3033,'L3-2-1','【例1.3】电影票',NULL),(3034,'L3-2-2','【例1.4】牛吃牧草',NULL),(3035,'L3-2-3','【例1.1】计算机输出',NULL),(3036,'L3-2-4','【例1.2】梯形面积',NULL),(3037,'L3-2-1','【例1.3】电影票',NULL),(3038,'L3-2-2','【例1.4】牛吃牧草',NULL),(3039,'L3-2-3','【例1.3】电影票',NULL),(3040,'L3-2-4','【例1.4】牛吃牧草',NULL),(3041,'L3-3-1','入门测试题目',NULL),(3042,'L3-3-2','【例1.1】计算机输出',NULL),(3043,'L3-3-3','【例1.2】梯形面积',NULL),(3044,'L3-3-4','【例1.3】电影票',NULL),(3045,'L3-3-5','【例1.4】牛吃牧草',NULL),(3046,'L3-3-6','Hello,World!',NULL),(3047,'L3-3-7','输出第二个整数,9',NULL),(3048,'L3-3-1','对齐输出',NULL),(3049,'L3-3-2','字符三角形',NULL),(3050,'L3-3-1','地球人口承载力估计',NULL),(3051,'L3-3-2','【例1.1】计算机输出',NULL),(3052,'L3-3-3','【例1.2】梯形面积',NULL),(3053,'L3-3-4','【例1.3】电影票',NULL),(3054,'L3-3-5','【例1.4】牛吃牧草',NULL),(3055,'L3-3-6','【例1.1】计算机输出',NULL),(3056,'L3-3-7','【例1.2】梯形面积',NULL),(3057,'L3-3-3','【例1.3】电影票',NULL),(3058,'L3-3-4','【例1.4】牛吃牧草',NULL),(3059,'L3-3-1','【例1.3】电影票',NULL),(3060,'L3-3-2','【例1.4】牛吃牧草',NULL),(3061,'L3-3-3','入门测试题目',NULL),(3062,'L3-3-4','【例1.1】计算机输出',NULL),(3063,'L3-3-5','【例1.2】梯形面积',NULL),(3064,'L3-3-6','【例1.3】电影票',NULL),(3065,'L3-3-7','【例1.4】牛吃牧草',NULL),(3066,'L3-3-5','Hello,World!',NULL),(3067,'L3-3-6','输出第二个整数,9',NULL),(3068,'L3-3-1','对齐输出',NULL),(3069,'L3-3-2','字符三角形',NULL),(3070,'L3-3-3','地球人口承载力估计',NULL),(3071,'L3-3-4','【例1.1】计算机输出',NULL),(3072,'L3-3-5','【例1.2】梯形面积',NULL),(3073,'L3-3-6','【例1.3】电影票',NULL),(3074,'L3-3-7','【例1.4】牛吃牧草',NULL),(3075,'L3-3-7','【例1.1】计算机输出',NULL),(3076,'L3-3-1','【例1.2】梯形面积',NULL),(3077,'L3-3-2','【例1.3】电影票',NULL),(3078,'L3-3-3','【例1.4】牛吃牧草',NULL),(3079,'L3-3-4','【例1.3】电影票',NULL),(3080,'L3-3-5','【例1.4】牛吃牧草',NULL),(3091,'L3-4-1','入门测试题目',NULL),(3092,'L3-4-2','【例1.1】计算机输出',NULL),(3093,'L3-4-3','【例1.2】梯形面积',NULL),(3094,'L3-4-4','【例1.3】电影票',NULL),(3095,'L3-4-5','【例1.4】牛吃牧草',NULL),(3096,'L3-4-6','Hello,World!',NULL),(3097,'L3-4-1','输出第二个整数,9',NULL),(3098,'L3-4-2','对齐输出',NULL),(3099,'L3-4-3','字符三角形',NULL),(3100,'L3-4-4','地球人口承载力估计',NULL),(3101,'L3-4-5','【例1.1】计算机输出',NULL),(3102,'L3-4-6','【例1.2】梯形面积',NULL),(3103,'L3-4-1','【例1.3】电影票',NULL),(3104,'L3-4-2','【例1.4】牛吃牧草',NULL),(3105,'L3-4-3','【例1.1】计算机输出',NULL),(3106,'L3-4-4','【例1.2】梯形面积',NULL),(3107,'L3-4-5','【例1.3】电影票',NULL),(3108,'L3-4-6','【例1.4】牛吃牧草',NULL),(3109,'L3-4-1','【例1.3】电影票',NULL),(3110,'L3-4-2','【例1.4】牛吃牧草',NULL),(3111,'L3-5-1','入门测试题目',NULL),(3112,'L3-5-2','【例1.1】计算机输出',NULL),(3113,'L3-5-3','【例1.2】梯形面积',NULL),(3114,'L3-5-4','【例1.3】电影票',NULL),(3115,'L3-5-5','【例1.4】牛吃牧草',NULL),(3116,'L3-5-6','Hello,World!',NULL),(3117,'L3-5-1','输出第二个整数,9',NULL),(3118,'L3-5-2','对齐输出',NULL),(3119,'L3-5-3','字符三角形',NULL),(3120,'L3-5-4','地球人口承载力估计',NULL),(3121,'L3-5-5','【例1.1】计算机输出',NULL),(3122,'L3-5-6','【例1.2】梯形面积',NULL),(3123,'L3-5-1','【例1.3】电影票',NULL),(3124,'L3-5-2','【例1.4】牛吃牧草',NULL),(3125,'L3-5-3','【例1.1】计算机输出',NULL),(3126,'L3-5-4','【例1.2】梯形面积',NULL),(3127,'L3-5-5','【例1.3】电影票',NULL),(3128,'L3-5-6','【例1.4】牛吃牧草',NULL),(3129,'L3-5-1','【例1.3】电影票',NULL),(3130,'L3-5-2','【例1.4】牛吃牧草',NULL),(4001,'L4-1','【例1.1】计算机输出',NULL),(4002,'L4-1','【例1.2】梯形面积',NULL),(4003,'L4-1','【例1.3】电影票',NULL),(4004,'L4-1','【例1.4】牛吃牧草',NULL),(4005,'L4-1','【例1.1】计算机输出',NULL),(4006,'L4-1','【例1.2】梯形面积',NULL),(4007,'L4-1','【例1.3】电影票',NULL),(4008,'L4-1','【例1.4】牛吃牧草',NULL),(4009,'L4-1','【例1.3】电影票',NULL),(4010,'L4-1','【例1.4】牛吃牧草',NULL),(4011,'L4-1','【例1.1】计算机输出',NULL),(4012,'L4-1','【例1.2】梯形面积',NULL),(4013,'L4-1','【例1.3】电影票',NULL),(4014,'L4-1','【例1.4】牛吃牧草',NULL),(4015,'L4-1','【例1.1】计算机输出',NULL),(4016,'L4-1','【例1.2】梯形面积',NULL),(4017,'L4-1','【例1.3】电影票',NULL),(4018,'L4-1','【例1.4】牛吃牧草',NULL),(4019,'L4-1','【例1.3】电影票',NULL),(4020,'L4-1','【例1.4】牛吃牧草',NULL),(4021,'L4-1','【例1.1】计算机输出',NULL),(4022,'L4-1','【例1.2】梯形面积',NULL),(4023,'L4-1','【例1.3】电影票',NULL),(4024,'L4-1','【例1.4】牛吃牧草',NULL),(4025,'L4-1','【例1.1】计算机输出',NULL),(4026,'L4-1','【例1.2】梯形面积',NULL),(4027,'L4-1','【例1.3】电影票',NULL),(4028,'L4-1','【例1.4】牛吃牧草',NULL),(4029,'L4-1','【例1.3】电影票',NULL),(4030,'L4-1','【例1.4】牛吃牧草',NULL),(4031,'L4-1','【例1.1】计算机输出',NULL),(4032,'L4-1','【例1.2】梯形面积',NULL),(4033,'L4-1','【例1.3】电影票',NULL),(4034,'L4-1','【例1.4】牛吃牧草',NULL),(4035,'L4-1','【例1.1】计算机输出',NULL),(4036,'L4-1','【例1.2】梯形面积',NULL),(4037,'L4-1','【例1.3】电影票',NULL),(4038,'L4-1','【例1.4】牛吃牧草',NULL),(4039,'L4-1','【例1.3】电影票',NULL),(4040,'L4-1','【例1.4】牛吃牧草',NULL),(4041,'L4-1','【例1.1】计算机输出',NULL),(4042,'L4-1','【例1.2】梯形面积',NULL),(4043,'L4-1','【例1.3】电影票',NULL),(4044,'L4-1','【例1.4】牛吃牧草',NULL),(4045,'L4-1','【例1.1】计算机输出',NULL),(4046,'L4-1','【例1.2】梯形面积',NULL),(4047,'L4-1','【例1.3】电影票',NULL),(4048,'L4-1','【例1.4】牛吃牧草',NULL),(4049,'L4-1','【例1.3】电影票',NULL),(4050,'L4-1','【例1.4】牛吃牧草',NULL),(4051,'L4-1','【例1.1】计算机输出',NULL),(4052,'L4-1','【例1.2】梯形面积',NULL),(4053,'L4-1','【例1.3】电影票',NULL),(4054,'L4-1','【例1.4】牛吃牧草',NULL),(4055,'L4-1','【例1.1】计算机输出',NULL),(4056,'L4-1','【例1.2】梯形面积',NULL),(4057,'L4-1','【例1.3】电影票',NULL),(4058,'L4-1','【例1.4】牛吃牧草',NULL),(4059,'L4-1','【例1.3】电影票',NULL),(4060,'L4-1','【例1.4】牛吃牧草',NULL),(4061,'L4-2','【例1.1】计算机输出',NULL),(4062,'L4-2','【例1.2】梯形面积',NULL),(4063,'L4-2','【例1.3】电影票',NULL),(4064,'L4-2','【例1.4】牛吃牧草',NULL),(4065,'L4-2','【例1.5】计算机输出',NULL),(4066,'L4-2','【例1.6】梯形面积',NULL),(4067,'L4-2','【例1.7】电影票',NULL),(4068,'L4-2','【例1.8】牛吃牧草',NULL),(4069,'L4-2','【例1.9】电影票',NULL),(4070,'L4-2','【例1.10】牛吃牧草',NULL),(4071,'L4-2','【例1.1】计算机输出',NULL),(4072,'L4-2','【例1.2】梯形面积',NULL),(4073,'L4-2','【例1.3】电影票',NULL),(4074,'L4-2','【例1.4】牛吃牧草',NULL),(4075,'L4-2','【例1.5】计算机输出',NULL),(4076,'L4-2','【例1.6】梯形面积',NULL),(4077,'L4-2','【例1.7】电影票',NULL),(4078,'L4-2','【例1.8】牛吃牧草',NULL),(4079,'L4-2','【例1.9】电影票',NULL),(4080,'L4-2','【例1.10】牛吃牧草',NULL),(4081,'L4-2','【例1.1】计算机输出',NULL),(4082,'L4-2','【例1.2】梯形面积',NULL),(4083,'L4-2','【例1.3】电影票',NULL),(4084,'L4-2','【例1.4】牛吃牧草',NULL),(4085,'L4-2','【例1.5】计算机输出',NULL),(4086,'L4-2','【例1.6】梯形面积',NULL),(4087,'L4-2','【例1.7】电影票',NULL),(4088,'L4-2','【例1.8】牛吃牧草',NULL),(4089,'L4-2','【例1.9】电影票',NULL),(4090,'L4-2','【例1.10】牛吃牧草',NULL),(4091,'L4-2','【例1.1】计算机输出',NULL),(4092,'L4-2','【例1.2】梯形面积',NULL),(4093,'L4-2','【例1.3】电影票',NULL),(4094,'L4-2','【例1.4】牛吃牧草',NULL),(4095,'L4-2','【例1.5】计算机输出',NULL),(4096,'L4-2','【例1.6】梯形面积',NULL),(4097,'L4-2','【例1.7】电影票',NULL),(4098,'L4-2','【例1.8】牛吃牧草',NULL),(4099,'L4-2','【例1.9】电影票',NULL),(4100,'L4-2','【例1.10】牛吃牧草',NULL),(4101,'L4-2','【例1.1】计算机输出',NULL),(4102,'L4-2','【例1.2】梯形面积',NULL),(4103,'L4-2','【例1.3】电影票',NULL),(4104,'L4-2','【例1.4】牛吃牧草',NULL),(4105,'L4-2','【例1.5】计算机输出',NULL),(4106,'L4-2','【例1.6】梯形面积',NULL),(4107,'L4-2','【例1.7】电影票',NULL),(4108,'L4-2','【例1.8】牛吃牧草',NULL),(4109,'L4-2','【例1.9】电影票',NULL),(4110,'L4-2','【例1.10】牛吃牧草',NULL),(4111,'L4-2','【例1.1】计算机输出',NULL),(4112,'L4-2','【例1.2】梯形面积',NULL),(4113,'L4-2','【例1.3】电影票',NULL),(4114,'L4-2','【例1.4】牛吃牧草',NULL),(4115,'L4-2','【例1.5】计算机输出',NULL),(4116,'L4-2','【例1.6】梯形面积',NULL),(4117,'L4-2','【例1.7】电影票',NULL),(4118,'L4-2','【例1.8】牛吃牧草',NULL),(4119,'L4-2','【例1.9】电影票',NULL),(4120,'L4-2','【例1.10】牛吃牧草',NULL),(4121,'L4-2','hhhh',NULL);
/*!40000 ALTER TABLE `questions` ENABLE KEYS */;
UNLOCK TABLES;

--
-- Table structure for table `tableprops`
--

DROP TABLE IF EXISTS `tableprops`;
/*!40101 SET @saved_cs_client     = @@character_set_client */;
/*!50503 SET character_set_client = utf8mb4 */;
CREATE TABLE `tableprops` (
  `id` int NOT NULL AUTO_INCREMENT,
  `tableName` varchar(20) NOT NULL,
  `prop` varchar(20) NOT NULL,
  `label` varchar(20) NOT NULL,
  `width` int DEFAULT NULL,
  PRIMARY KEY (`id`)
) ENGINE=InnoDB AUTO_INCREMENT=23 DEFAULT CHARSET=utf8mb3;
/*!40101 SET character_set_client = @saved_cs_client */;

--
-- Dumping data for table `tableprops`
--

LOCK TABLES `tableprops` WRITE;
/*!40000 ALTER TABLE `tableprops` DISABLE KEYS */;
INSERT INTO `tableprops` VALUES (1,'questions','lmc','分区',100),(2,'questions','id','题号',100),(3,'questions','title','题目',100),(4,'questions','pass','通过数',100),(5,'questions','submit','提交数',100),(6,'jobs','runid','运行号',100),(7,'jobs','id','题号',100),(8,'jobs','state','状态',100),(9,'jobs','language','状态',100),(10,'jobs','size','代码长度(Bytes)',100),(11,'jobs','time','提交时间',100);
/*!40000 ALTER TABLE `tableprops` ENABLE KEYS */;
UNLOCK TABLES;

--
-- Table structure for table `users`
--

DROP TABLE IF EXISTS `users`;
/*!40101 SET @saved_cs_client     = @@character_set_client */;
/*!50503 SET character_set_client = utf8mb4 */;
CREATE TABLE `users` (
  `userid` int NOT NULL AUTO_INCREMENT,
  `username` varchar(32) NOT NULL,
  `password` varchar(255) NOT NULL,
  `enable` tinyint DEFAULT '1',
  `locked` tinyint DEFAULT '1',
  PRIMARY KEY (`userid`),
  UNIQUE KEY `username_UNIQUE` (`username`)
) ENGINE=InnoDB AUTO_INCREMENT=6 DEFAULT CHARSET=utf8mb4 COLLATE=utf8mb4_0900_ai_ci;
/*!40101 SET character_set_client = @saved_cs_client */;

--
-- Dumping data for table `users`
--

LOCK TABLES `users` WRITE;
/*!40000 ALTER TABLE `users` DISABLE KEYS */;
INSERT INTO `users` VALUES (1,'Admin','123',1,1),(2,'zhangsan','123',1,1),(3,'王小名','123',1,1),(4,'John','123',1,1),(5,'Johnn','123',1,1);
/*!40000 ALTER TABLE `users` ENABLE KEYS */;
UNLOCK TABLES;
/*!40103 SET TIME_ZONE=@OLD_TIME_ZONE */;

/*!40101 SET SQL_MODE=@OLD_SQL_MODE */;
/*!40014 SET FOREIGN_KEY_CHECKS=@OLD_FOREIGN_KEY_CHECKS */;
/*!40014 SET UNIQUE_CHECKS=@OLD_UNIQUE_CHECKS */;
/*!40101 SET CHARACTER_SET_CLIENT=@OLD_CHARACTER_SET_CLIENT */;
/*!40101 SET CHARACTER_SET_RESULTS=@OLD_CHARACTER_SET_RESULTS */;
/*!40101 SET COLLATION_CONNECTION=@OLD_COLLATION_CONNECTION */;
/*!40111 SET SQL_NOTES=@OLD_SQL_NOTES */;

-- Dump completed on 2025-01-08 17:11:19
